{"schemaVersion":"1.0","appDefinitionTemplate":{"id":"/providers/Microsoft.PowerApps/apps/","type":"Microsoft.PowerApps/apps","tags":{"primaryDeviceWidth":"640","primaryDeviceHeight":"1136","sienaVersion":"20210514T153213Z-3.21051.17.0","deviceCapabilities":"","supportsPortrait":"true","supportsLandscape":"false","primaryFormFactor":"Phone","publisherVersion":"3.21051.17","minimumRequiredApiVersion":"2.2.0","hasComponent":"false","hasUnlockedComponent":"false","isUnifiedRootApp":"false"},"properties":{"appVersion":"2021-05-14T15:32:13Z","lifeCycleId":"Published","createdByClientVersion":{"major":3,"minor":21051,"build":17,"revision":0,"majorRevision":0,"minorRevision":0},"minClientVersion":{"major":3,"minor":21051,"build":17,"revision":0,"majorRevision":0,"minorRevision":0},"backgroundColor":"rgba(0, 176, 240, 1)","backgroundImageUri":"/15868430005525156965/N135b5065-9d08-4283-b80c-5f6469dd523e-logoSmallFile","displayName":"有給申請","description":"","commitMessage":"","appUris":{"documentUri":{"value":"/15868430005525156965/Nbff345c0-152b-41bf-8747-0cc88509cf2d-document.msapp"},"imageUris":[]},"createdTime":"0001-01-01T00:00:00Z","lastModifiedTime":"0001-01-01T00:00:00Z","sharedGroupsCount":0,"sharedUsersCount":0,"icons":{"smallIconUri":"/15868430005525156965/N6dc31d96-afbb-4b24-9403-0cf575c2fd11-small.png","mediumIconUri":"/15868430005525156965/N31c06d54-3fd5-44f1-a849-6649c61afd44-medium.png","largeIconUri":"/15868430005525156965/N98c73290-3c44-4f8b-8f54-d2a970f5ac12-large.png","wideIconUri":"/15868430005525156965/Nbd4bd50b-790f-4a70-a778-4c8b9e973eed-wide.png"},"connectionReferences":{"8fbcd39d-3cc3-4b33-aa7e-664668c64bef":{"id":"1101bd8f-3561-4343-ada6-05c291c2114e","displayName":"Office 365 Outlook","iconUri":"https://connectoricons-prod.azureedge.net/releases/v1.0.1466/1.0.1466.2411/office365/icon.png","dataSources":["Office365Outlook"],"dependencies":[],"dependents":["9f8a1f4b-1e04-45cc-ae10-d900ca9050dd"],"parameterHints":{},"isOnPremiseConnection":false,"bypassConsent":false,"dataSets":{},"apiTier":"Standard","isCustomApiConnection":false,"actions":["CalendarGetTables","GetEventsCalendarViewV2"]},"e4ac8084-50be-4597-9070-cb7119a4419b":{"id":"d17b37a6-cfe1-400e-8e4e-d47211c4515a","displayName":"Office 365 ユーザー","iconUri":"https://connectoricons-prod.azureedge.net/releases/v1.0.1460/1.0.1460.2389/office365users/icon.png","dataSources":["Office365ユーザー"],"dependencies":[],"dependents":[],"parameterHints":{},"isOnPremiseConnection":false,"bypassConsent":false,"dataSets":{},"apiTier":"Standard","isCustomApiConnection":false,"actions":["SearchUser","ManagerV2","MyProfile"]},"9f8a1f4b-1e04-45cc-ae10-d900ca9050dd":{"id":"c7b393ac-d48e-4229-a807-89027303d2a4","displayName":"Logic flows","iconUri":"https://connectoricons-prod.azureedge.net/releases/v1.0.1438/1.0.1438.2324/logicflows/icon.png","dataSources":["PowerAppsのボタン"],"dependencies":["8fbcd39d-3cc3-4b33-aa7e-664668c64bef","2db0c0d8-676a-4c13-ab20-5b4a1d264609","f560bd00-0fa4-451c-9843-c064612f59c6"],"dependents":[],"parameterHints":{"workflowName":{"value":"6ee7e361-ffe1-4261-862b-89fbe7295f0d"},"workflowEntityId":{},"8fbcd39d-3cc3-4b33-aa7e-664668c64bef":{"value":"shared_office365"},"2db0c0d8-676a-4c13-ab20-5b4a1d264609":{"value":"shared_approvals"},"f560bd00-0fa4-451c-9843-c064612f59c6":{"value":"shared_sharepointonline"}},"isOnPremiseConnection":false,"bypassConsent":false,"dataSets":{},"apiTier":"Standard","isCustomApiConnection":false,"actions":["Run"]},"2db0c0d8-676a-4c13-ab20-5b4a1d264609":{"id":"db6efce2-5633-4cd1-9adb-e3b9f2deb0f7","displayName":"承認","iconUri":"https://connectoricons-prod.azureedge.net/releases/v1.0.1444/1.0.1444.2347/approvals/icon.png","dataSources":[],"dependencies":[],"dependents":["9f8a1f4b-1e04-45cc-ae10-d900ca9050dd"],"parameterHints":{},"isOnPremiseConnection":false,"bypassConsent":false,"dataSets":{},"apiTier":"Standard","isCustomApiConnection":false},"f560bd00-0fa4-451c-9843-c064612f59c6":{"id":"c757909e-4772-4e6f-84f5-778666d41fbf","displayName":"SharePoint","iconUri":"https://connectoricons-prod.azureedge.net/releases/v1.0.1465/1.0.1465.2409/sharepointonline/icon.png","dataSources":[],"dependencies":[],"dependents":["9f8a1f4b-1e04-45cc-ae10-d900ca9050dd"],"parameterHints":{},"isOnPremiseConnection":false,"bypassConsent":false,"dataSets":{},"apiTier":"Standard","isCustomApiConnection":false}},"databaseReferences":{},"almMode":"Environment","performanceOptimizationEnabled":true,"canConsumeAppPass":true,"executionRestrictions":{"isTeamsOnly":false,"dataLossPreventionEvaluationResult":{"status":"Compliant","lastEvaluationDate":"2021-05-10T23:44:18.0806749Z","violations":[],"violationsByPolicy":[],"violationErrorMessage":"このアプリでは、次のコネクタが使用されます: 。"}}},"isAppComponentLibrary":false,"appType":"ClassicCanvasApp","appComponents":[]}}