{"name":"28b945f1-4ebd-4447-95eb-73c8e67ee45f","id":"/providers/Microsoft.Flow/flows/28b945f1-4ebd-4447-95eb-73c8e67ee45f","type":"Microsoft.Flow/flows","properties":{"apiId":"/providers/Microsoft.PowerApps/apis/shared_logicflows","displayName":"Power Apps のボタン","definition":{"metadata":{"workflowEntityId":null,"processAdvisorMetadata":null,"flowclientsuspensionreason":"None","flowclientsuspensiontime":null,"creator":{"id":"f4c7ed09-8522-48bb-a0eb-75710043c615","type":"User","tenantId":"f721adfb-06ad-4890-8bb7-35c27991b6ac"},"provisioningMethod":"FromDefinition","failureAlertSubscription":true,"clientLastModifiedTime":"2021-05-26T07:48:45.894569Z"},"$schema":"https://schema.management.azure.com/providers/Microsoft.Logic/schemas/2016-06-01/workflowdefinition.json#","contentVersion":"1.0.0.0","parameters":{"$connections":{"defaultValue":{},"type":"Object"},"$authentication":{"defaultValue":{},"type":"SecureObject"}},"triggers":{"manual":{"type":"Request","kind":"PowerApp","inputs":{"schema":{"type":"object","properties":{"TO1_値":{"type":"string","description":"初期値を入力","x-ms-powerflows-param-ispartial":false},"TO2_値":{"type":"string","description":"初期値を入力","x-ms-powerflows-param-ispartial":false},"CC1_値":{"type":"string","description":"初期値を入力","x-ms-powerflows-param-ispartial":false},"CC9_値":{"type":"string","description":"初期値を入力","x-ms-powerflows-param-ispartial":false},"DAYS_値":{"type":"string","description":"初期値を入力","x-ms-powerflows-param-ispartial":false},"REASON_値":{"type":"string","description":"初期値を入力","x-ms-powerflows-param-ispartial":false},"FROM_値":{"type":"string","description":"初期値を入力","x-ms-powerflows-param-ispartial":false},"FROMNAME_値":{"type":"string","description":"初期値を入力","x-ms-powerflows-param-ispartial":false},"DEPARTMENT_値":{"type":"string","description":"初期値を入力","x-ms-powerflows-param-ispartial":false}},"required":["TO1_値","TO2_値","CC1_値","CC9_値","DAYS_値","REASON_値","FROM_値","FROMNAME_値","DEPARTMENT_値"]}}}},"actions":{"TO1":{"runAfter":{},"type":"InitializeVariable","inputs":{"variables":[{"name":"TO1","type":"string","value":"@{triggerBody()['TO1_値']}"}]}},"TO2":{"runAfter":{"TO1":["Succeeded"]},"type":"InitializeVariable","inputs":{"variables":[{"name":"TO9","type":"string","value":"@{triggerBody()['TO2_値']}"}]}},"CC1":{"runAfter":{"TO2":["Succeeded"]},"type":"InitializeVariable","inputs":{"variables":[{"name":"CC1","type":"string","value":"@{triggerBody()['CC1_値']}"}]}},"CC9":{"runAfter":{"CC1":["Succeeded"]},"type":"InitializeVariable","inputs":{"variables":[{"name":"CC9","type":"string","value":"@{triggerBody()['CC9_値']}"}]}},"REASON":{"runAfter":{"DAYS":["Succeeded"]},"type":"InitializeVariable","inputs":{"variables":[{"name":"REASON","type":"string","value":"@{triggerBody()['REASON_値']}"}]}},"FROM":{"runAfter":{"REASON":["Succeeded"]},"type":"InitializeVariable","inputs":{"variables":[{"name":"FROM","type":"string","value":"@{triggerBody()['FROM_値']}"}]}},"メールの送信_(V2)":{"runAfter":{"DEPARTMENT":["Succeeded"]},"type":"OpenApiConnection","inputs":{"host":{"apiId":"/providers/Microsoft.PowerApps/apis/shared_office365","connectionName":"shared_office365","operationId":"SendEmailV2"},"parameters":{"emailMessage/To":"@{variables('TO1')};@{variables('TO9')}","emailMessage/Subject":"【有給休暇申請】＿@{variables('DEPARTMENT')}＿@{variables('FROM_NAME')}","emailMessage/Body":"<p>お疲れまです。<br>\n@{variables('FROM_NAME')}です。<br>\n下記の通り申請致します。<br>\nよろしくお願い致します。<br>\n<br>\n有給休暇申請<br>\n■事由：私用<br>\n■日付：@{variables('DAYS')}<br>\n　　　　<br>\n　　　　</p>","emailMessage/From":"@variables('FROM')","emailMessage/Cc":"@{variables('CC1')};@{variables('CC9')}"},"authentication":{"value":"@json(decodeBase64(triggerOutputs().headers['X-MS-APIM-Tokens']))['$ConnectionKey']","type":"Raw"}}},"DEPARTMENT":{"runAfter":{"FROM_NAME":["Succeeded"]},"type":"InitializeVariable","inputs":{"variables":[{"name":"DEPARTMENT","type":"string","value":"@{triggerBody()['DEPARTMENT_値']}"}]}},"FROM_NAME":{"runAfter":{"FROM":["Succeeded"]},"type":"InitializeVariable","inputs":{"variables":[{"name":"FROM_NAME","type":"string","value":"@{triggerBody()['FROMNAME_値']}"}]}},"開始して承認を待機":{"runAfter":{"メールの送信_(V2)":["Succeeded"]},"type":"OpenApiConnectionWebhook","inputs":{"host":{"apiId":"/providers/Microsoft.PowerApps/apis/shared_approvals","connectionName":"shared_approvals","operationId":"StartAndWaitForAnApproval"},"parameters":{"approvalType":"BasicAwaitAll","WebhookApprovalCreationInput/title":"【有給休暇申請】＿@{variables('DEPARTMENT')}＿@{variables('FROM_NAME')}","WebhookApprovalCreationInput/assignedTo":"@{variables('TO1')};@{variables('TO9')}","WebhookApprovalCreationInput/details":"お疲れまです。\n@{variables('FROM_NAME')}です。\n下記の通り申請致します。\nよろしくお願い致します。\n\n有給休暇申請\n■事由：@{variables('REASON')}\n■日付：@{variables('DAYS')}\n　　　　\n　　　　","WebhookApprovalCreationInput/requestor":"@{variables('FROM')};","WebhookApprovalCreationInput/enableNotifications":true,"WebhookApprovalCreationInput/enableReassignment":true},"authentication":{"value":"@json(decodeBase64(triggerOutputs().headers['X-MS-APIM-Tokens']))['$ConnectionKey']","type":"Raw"}}},"条件":{"actions":{"Apply_to_each":{"foreach":"@split(variables('DAYS'),',')","actions":{"項目の作成":{"runAfter":{},"type":"OpenApiConnection","inputs":{"host":{"apiId":"/providers/Microsoft.PowerApps/apis/shared_sharepointonline","connectionName":"shared_sharepointonline","operationId":"PostItem"},"parameters":{"dataset":"https://huafuhu.sharepoint.com/sites/msteams_cfebd2","table":"978d4fc7-e4ad-4c58-83d4-8f74a8dcd98d","item/OData__x5f93__x696d__x54e1_/Claims":"@variables('FROM')","item/OData__x4f11__x6687__x65e5_":"@split(items('Apply_to_each'),' ')[0]","item/OData__x6642__x9593_":"@split(items('Apply_to_each'),' ')[1]"},"authentication":{"value":"@json(decodeBase64(triggerOutputs().headers['X-MS-APIM-Tokens']))['$ConnectionKey']","type":"Raw"}}}},"runAfter":{},"type":"Foreach"}},"runAfter":{"開始して承認を待機":["Succeeded"]},"expression":{"equals":["@outputs('開始して承認を待機')?['body/outcome']","Approve"]},"type":"If"},"DAYS":{"runAfter":{"CC9":["Succeeded"]},"type":"InitializeVariable","inputs":{"variables":[{"name":"DAYS","type":"string","value":"@{triggerBody()['DAYS_値']}"}]}}},"outputs":{},"description":"Power Apps のボタンまたはリンクがクリックされたときに起動する 1 つ以上のアクションを作成します。Power App からこのフローを使用するには、フローをトリガーするためのコントロールを選択し、Power Apps のリボンの [アクション] タブに移動して、[フロー] を選択します。"},"connectionReferences":{"shared_office365":{"connectionName":"shared-office365-c3ebc4f6-e03b-48f6-8d0a-aa46-8abec9f5","source":"Invoker","id":"/providers/Microsoft.PowerApps/apis/shared_office365","tier":"NotSpecified"},"shared_approvals":{"connectionName":"shared-approvals-4bc2d1ae-cebc-4d2c-8b7a-4587-c987be4f","source":"Invoker","id":"/providers/Microsoft.PowerApps/apis/shared_approvals","tier":"NotSpecified"},"shared_sharepointonline":{"connectionName":"shared-sharepointonl-9e398b5a-8cfb-4491-b782-aa5ff291740f","source":"Invoker","id":"/providers/Microsoft.PowerApps/apis/shared_sharepointonline","tier":"NotSpecified"}},"flowFailureAlertSubscribed":false}}