{"schemaVersion":"1.0","appDefinitionTemplate":{"id":"/providers/Microsoft.PowerApps/apps/","type":"Microsoft.PowerApps/apps","tags":{"primaryDeviceWidth":"640","primaryDeviceHeight":"1136","sienaVersion":"20210526T075552Z-3.21053.18.0","deviceCapabilities":"","supportsPortrait":"true","supportsLandscape":"false","primaryFormFactor":"Phone","publisherVersion":"3.21053.18","minimumRequiredApiVersion":"2.2.0","hasComponent":"false","hasUnlockedComponent":"false","isUnifiedRootApp":"false"},"properties":{"appVersion":"2021-05-26T07:55:52Z","lifeCycleId":"Published","createdByClientVersion":{"major":3,"minor":21053,"build":18,"revision":0,"majorRevision":0,"minorRevision":0},"minClientVersion":{"major":3,"minor":21053,"build":18,"revision":0,"majorRevision":0,"minorRevision":0},"backgroundColor":"rgba(0, 176, 240, 1)","backgroundImageUri":"/15868430005525156965/N1cbe8c47-bd9a-4a18-8cb1-f882d3995fdc-logoSmallFile","displayName":"有給申請テスト","description":"","commitMessage":"","appUris":{"documentUri":{"value":"/15868430005525156965/N0c7a1e7f-7f4a-4e75-aeab-d6cbebab6ede-document.msapp"},"imageUris":[]},"createdTime":"0001-01-01T00:00:00Z","lastModifiedTime":"0001-01-01T00:00:00Z","sharedGroupsCount":0,"sharedUsersCount":0,"icons":{"smallIconUri":"/15868430005525156965/Ncb884daa-0343-4e81-bfc2-21364812d092-small.png","mediumIconUri":"/15868430005525156965/N37c7fdf3-fcf7-4188-88f2-60978b6aa81c-medium.png","largeIconUri":"/15868430005525156965/Nda4e1da4-67cc-44b2-98b1-3e5aa1551d3d-large.png","wideIconUri":"/15868430005525156965/N16911afc-277c-459e-9db2-dce5140c78b3-wide.png"},"connectionReferences":{"8fbcd39d-3cc3-4b33-aa7e-664668c64bef":{"id":"1101bd8f-3561-4343-ada6-05c291c2114e","displayName":"Office 365 Outlook","iconUri":"https://connectoricons-prod.azureedge.net/releases/v1.0.1471/1.0.1471.2427/office365/icon.png","dataSources":["Office365Outlook"],"dependencies":[],"dependents":[],"parameterHints":{},"isOnPremiseConnection":false,"bypassConsent":false,"dataSets":{},"apiTier":"Standard","isCustomApiConnection":false,"actions":["CalendarGetTables","GetEventsCalendarViewV2"]},"e4ac8084-50be-4597-9070-cb7119a4419b":{"id":"d17b37a6-cfe1-400e-8e4e-d47211c4515a","displayName":"Office 365 ユーザー","iconUri":"https://connectoricons-prod.azureedge.net/releases/v1.0.1472/1.0.1472.2427/office365users/icon.png","dataSources":["Office365ユーザー"],"dependencies":[],"dependents":[],"parameterHints":{},"isOnPremiseConnection":false,"bypassConsent":false,"dataSets":{},"apiTier":"Standard","isCustomApiConnection":false,"actions":["ManagerV2","SearchUser","MyProfile"]}},"databaseReferences":{},"almMode":"Environment","performanceOptimizationEnabled":true,"canConsumeAppPass":true,"executionRestrictions":{"isTeamsOnly":false,"dataLossPreventionEvaluationResult":{"status":"Compliant","lastEvaluationDate":"2021-05-10T23:44:18.0806749Z","violations":[],"violationsByPolicy":[],"violationErrorMessage":"このアプリでは、次のコネクタが使用されます: 。"}}},"appType":"ClassicCanvasApp","appComponents":[]}}